{"cameraMode":{"drawMode":0,"name":"Shaded","section":"Shading Mode"},"sceneLighting":true,"audioPlay":false,"sceneViewState":{"showFog":true,"showMaterialUpdate":false,"showSkybox":true,"showFlares":true,"showImageEffects":true,"showParticleSystems":true},"in2DMode":false,"pivot":{"x":2.612323760986328,"y":1.5230792760849,"z":-2.4067375659942629},"rotation":{"x":-0.022315673530101777,"y":0.977651059627533,"z":-0.14356954395771027,"w":-0.15195906162261964},"size":2.092724084854126,"orthographic":false}